{"\u05e8\u05d0\u05e9\u05d5\u05df": {"11:40": {"value": "", "active": false, "time": "00:00", "activated": false}, "12:30": {"value": "", "active": false, "time": "00:00", "activated": false}, "\u05e9\u05e2\u05d4 \u05d0\u05d7\u05e8\u05ea": {"value": "", "active": false, "time": "00:00", "activated": false}}, "\u05e9\u05e0\u05d9": {"11:40": {"value": "", "active": false, "time": "00:00", "activated": false}, "12:30": {"value": "", "active": false, "time": "00:00", "activated": false}, "\u05e9\u05e2\u05d4 \u05d0\u05d7\u05e8\u05ea": {"value": "", "active": false, "time": "00:00", "activated": false}}, "\u05e9\u05dc\u05d9\u05e9\u05d9": {"11:40": {"value": "", "active": false, "time": "00:00", "activated": false}, "12:30": {"value": "", "active": false, "time": "00:00", "activated": false}, "\u05e9\u05e2\u05d4 \u05d0\u05d7\u05e8\u05ea": {"value": "", "active": false, "time": "00:00", "activated": false}}, "\u05e8\u05d1\u05d9\u05e2\u05d9": {"11:40": {"value": "", "active": false, "time": "00:00", "activated": false}, "12:30": {"value": "", "active": false, "time": "00:00", "activated": false}, "\u05e9\u05e2\u05d4 \u05d0\u05d7\u05e8\u05ea": {"value": "", "active": false, "time": "00:00", "activated": false}}, "\u05d7\u05de\u05d9\u05e9\u05d9": {"11:40": {"value": "", "active": false, "time": "00:00", "activated": false}, "12:30": {"value": "", "active": false, "time": "00:00", "activated": false}, "\u05e9\u05e2\u05d4 \u05d0\u05d7\u05e8\u05ea": {"value": "", "active": false, "time": "00:00", "activated": false}}, "\u05e9\u05d9\u05e9\u05d9": {"11:40": {"value": "", "active": false, "time": "00:00", "activated": false}, "12:30": {"value": "", "active": false, "time": "00:00", "activated": false}, "\u05e9\u05e2\u05d4 \u05d0\u05d7\u05e8\u05ea": {"value": "", "active": false, "time": "00:00", "activated": false}}, "\u05e9\u05d1\u05ea": {"11:40": {"value": "", "active": false, "time": "00:00:00", "activated": false}, "12:30": {"value": "", "active": false, "time": "00:00", "activated": false}, "\u05e9\u05e2\u05d4 \u05d0\u05d7\u05e8\u05ea": {"value": "", "active": false, "time": "00:00", "activated": false}}}